Agent ID;Mise 1;Mise 2;Mise 3;Mise 4;Celkem bodů;hodnost
Agent-NEX07B64507;50;60;70;80;260;Rekrut
Agent-NEX07B24326;0;0;0;0;0;Rekrut
Agent-NEX09B28859;0;0;0;0;0;Rekrut
Agent-NEX09B01926;0;0;0;0;0;Rekrut
Agent-NEX09B33333;0;0;0;0;0;Rekrut
Agent-NEX09B17217;0;0;0;0;0;Rekrut
Agent-NEX09B14145;0;0;0;0;0;Rekrut
Agent-NEX09B93861;0;0;0;0;0;Rekrut
Agent-NEX09B24172;0;0;0;0;0;Rekrut
Agent-NEX09B24116;0;0;0;0;0;Rekrut
Agent-NEX09B26458;0;0;0;0;0;Rekrut
Agent-NEX07B77777;0;0;0;0;0;Rekrut
Agent-NEX07B07209;0;0;0;0;0;Rekrut
Agent-NEX07B20246;0;0;0;0;0;Rekrut
Agent-NEX07B33187;0;0;0;0;0;Rekrut
Agent-NEX07B87458;0;0;0;0;0;Rekrut
Agent-NEX07B43711;0;0;0;0;0;Rekrut
Agent-NEX07B11223;0;0;0;0;0;Rekrut
Agent-NEX09B09732;0;0;0;0;0;Rekrut
Agent-NEX09B55555;0;0;0;0;0;Rekrut
Agent-NEX09B71724;0;0;0;0;0;Rekrut
Agent-NEX09B81350;0;0;0;0;0;Rekrut
Agent-NEX09B49141;0;0;0;0;0;Rekrut
Agent-NEX09B56124;0;0;0;0;0;Rekrut
Agent-NEX09B92646;0;0;0;0;0;Rekrut
Agent-NEX09B12345;0;0;0;0;0;Rekrut
Agent-NEX09B02538;0;0;0;0;0;Rekrut
Agent-NEX09B67827;0;0;0;0;0;Rekrut
Agent-NEX09B06412;0;0;0;0;0;Rekrut
Agent-NEX08B91613;0;0;0;0;0;Rekrut
Agent-NEX08B40663;0;0;0;0;0;Rekrut
Agent-NEX08B83618;0;0;0;0;0;Rekrut
Agent-NEX08B23456;0;0;0;0;0;Rekrut
Agent-NEX08B22423;0;0;0;0;0;Rekrut
Agent-NEX08B12345;0;0;0;0;0;Rekrut
Agent-NEX08B48302;0;0;0;0;0;Rekrut
Agent-NEX08B77777;0;0;0;0;0;Rekrut
Agent-NEX08B64397;0;0;0;0;0;Rekrut
Agent-NEX09A35277;0;0;0;0;0;Rekrut
Agent-NEX09A67676;0;0;0;0;0;Rekrut
Agent-NEX09A27727;0;0;0;0;0;Rekrut
Agent-NEX09A67342;0;0;0;0;0;Rekrut
Agent-NEX09A11720;0;0;0;0;0;Rekrut
Agent-NEX09A80023;0;0;0;0;0;Rekrut
Agent-NEX09A12690;0;0;0;0;0;Rekrut
Agent-NEX09A12345;0;0;0;0;0;Rekrut
Agent-NEX06B47185;0;0;0;0;0;Rekrut
Agent-NEX07A10963;0;0;0;0;0;Rekrut
Agent-NEX06A84346;0;0;0;0;0;Rekrut
Agent-NEX06A12742;0;0;0;0;0;Rekrut
Agent-NEX06A71141;0;0;0;0;0;Rekrut
Agent-NEX06A13116;0;0;0;0;0;Rekrut
Agent-NEX06A24474;0;0;0;0;0;Rekrut
Agent-NEX06A95432;0;0;0;0;0;Rekrut
Agent-NEX06A33333;0;0;0;0;0;Rekrut
Agent-NEX06A87105;0;0;0;0;0;Rekrut
Agent-NEX06A13579;0;0;0;0;0;Rekrut
Agent-NEX06A01237;0;0;0;0;0;Rekrut
Agent-NEX06A46436;0;0;0;0;0;Rekrut
Agent-NEX06A12366;0;0;0;0;0;Rekrut
Agent-NEX06A12345;0;0;0;0;0;Rekrut
Agent-NEX08A55393;0;0;0;0;0;Rekrut
Agent-NEX08A93553;0;0;0;0;0;Rekrut
Agent-NEX08A34925;0;0;0;0;0;Rekrut
Agent-NEX08A40631;0;0;0;0;0;Rekrut
Agent-NEX09A14568;0;0;0;0;0;Rekrut
Agent-NEX09A13995;0;0;0;0;0;Rekrut
Agent-NEX09A27956;0;0;0;0;0;Rekrut
Agent-NEX09A20088;0;0;0;0;0;Rekrut
Agent-NEX09A37738;0;0;0;0;0;Rekrut
Agent-NEX09A19032;0;0;0;0;0;Rekrut
Agent-NEX09A49776;0;0;0;0;0;Rekrut
Agent-NEX06C54321;0;0;0;0;0;Rekrut
Agent-NEX06C31921;0;0;0;0;0;Rekrut
Agent-NEX06C20144;0;0;0;0;0;Rekrut
Agent-NEX06C23529;0;0;0;0;0;Rekrut
Agent-NEX06C11220;0;0;0;0;0;Rekrut
Agent-NEX06C86382;0;0;0;0;0;Rekrut
Agent-NEX06C13711;0;0;0;0;0;Rekrut
Agent-NEX06C09410;0;0;0;0;0;Rekrut
Agent-NEX06C66348;0;0;0;0;0;Rekrut
Agent-NEX06C25828;0;0;0;0;0;Rekrut
Agent-NEX06C10179;0;0;0;0;0;Rekrut
Agent-NEX06C08211;0;0;0;0;0;Rekrut
Agent-NEX06C07950;0;0;0;0;0;Rekrut
Agent-NEX06B41671;0;0;0;0;0;Rekrut
